,V1
1,USA_HI_CDC_2_4175178_2021
2,USA_HI_CDC_2_4175313_2021
3,USA_HI_CDC_2_4175322_2021
4,USA_HI_CDC_2_4282529_2021
5,USA_HI_CDC_2_4451395_2021
6,USA_HI_CDC_2_4451396_2021
7,USA_HI_CDC_2_4451465_2021
8,USA_HI_CDC_2_4451467_2021
9,USA_HI_CDC_2_4451468_2021
10,USA_HI_CDC_2_4451471_2021
11,USA_HI_CDC_2_4451474_2021
12,USA_HI_CDC_2_4451490_2021
13,USA_HI_CDC_2_4451556_2021
14,USA_HI_CDC_2_4451557_2021
15,USA_HI_CDC_2_4594931_2021
16,USA_HI_CDC_2_4594940_2021
17,USA_HI_CDC_2_4595001_2021
18,USA_HI_CDC_2_4595028_2021
19,USA_HI_CDC_2_4611083_2021
20,USA_HI_CDC_2_4611096_2021
21,USA_HI_CDC_2_4611152_2021
22,USA_HI_CDC_2_4611154_2021
23,USA_HI_CDC_2_4611183_2021
24,USA_HI_CDC_2_4611190_2021
25,USA_HI_CDC_2_4611192_2021
26,USA_HI_CDC_2_4611199_2021
27,USA_HI_CDC_2_4611261_2021
28,USA_HI_CDC_2_4611262_2021
29,USA_HI_CDC_2_4635193_2021
30,USA_HI_CDC_2_4635286_2021
31,USA_HI_CDC_2_4635288_2021
32,USA_HI_CDC_2_4651352_2021
33,USA_HI_CDC_2_4651353_2021
34,USA_HI_CDC_2_4651366_2021
35,USA_HI_CDC_2_4651372_2021
36,USA_HI_CDC_2_4651374_2021
37,USA_HI_CDC_2_4651385_2021
38,USA_HI_CDC_2_4651387_2021
39,USA_HI_CDC_2_4651454_2021
40,USA_HI_CDC_2_4651456_2021
41,USA_HI_CDC_2_4651460_2021
42,USA_HI_CDC_2_4651462_2021
43,USA_HI_CDC_2_4651481_2021
44,USA_HI_CDC_2_4651482_2021
45,USA_HI_CDC_ASC210002335_2021
46,USA_HI_CDC_ASC210015434_2021
47,USA_HI_CDC_ASC210015563_2021
48,USA_HI_CDC_ASC210032736_2021
49,USA_HI_CDC_ASC210038381_2021
50,USA_HI_CDC_ASC210046088_2021
51,USA_HI_CDC_ASC210046113_2021
52,USA_HI_CDC_ASC210055949_2021
53,USA_HI_CDC_ASC210064325_2021
54,USA_HI_CDC_ASC210064965_2021
55,USA_HI_CDC_ASC210073233_2021
56,USA_HI_CDC_ASC210107848_2021
57,USA_HI_CDC_ASC210108635_2021
58,USA_HI_CDC_ASC210108697_2021
59,USA_HI_CDC_ASC210108698_2021
60,USA_HI_CDC_ASC210108701_2021
61,USA_HI_CDC_ASC210108702_2021
62,USA_HI_CDC_ASC210108749_2021
63,USA_HI_CDC_ASC210108750_2021
64,USA_HI_CDC_ASC210110664_2021
65,USA_HI_CDC_ASC210111560_2021
66,USA_HI_CDC_ASC210154850_2021
67,USA_HI_CDC_ASC210154851_2021
68,USA_HI_CDC_LC0034733_2021
69,USA_HI_CDC_LC0045000_2021
70,USA_HI_CDC_LC0056239_2021
71,USA_HI_CDC_LC0056299_2021
72,USA_HI_CDC_LC0058899_2021
73,USA_HI_CDC_LC0058901_2021
74,USA_HI_CDC_LC0064771_2021
75,USA_HI_CDC_LC0068267_2021
76,USA_HI_CDC_LC0069058_2021
77,USA_HI_CDC_LC0073774_2021
78,USA_HI_CDC_LC0085592_2021
79,USA_HI_CDC_LC0102190_2021
80,USA_HI_CDC_MMB08862340_2021
81,USA_HI_CDC_QDX22524334_2021
82,USA_HI_CDC_QDX22524336_2021
83,USA_HI_CDC_QDX23091000_2021
84,USA_HI_CDC_QDX23179754_2021
85,USA_HI_CDC_QDX23654501_2021
86,USA_HI_CDC_QDX23892458_2021
87,USA_HI_CDC_QDX24042189_2021
88,USA_HI_CDC_QDX24042190_2021
89,USA_HI_CDC_QDX24326149_2021
90,USA_HI_CDC_QDX24326150_2021
91,USA_HI_CDC_QDX24476569_2021
92,USA_HI_CDC_QDX24476584_2021
93,USA_HI_CDC_QDX24476585_2021
94,USA_HI_CDC_QDX24476586_2021
95,USA_HI_CDC_QDX24476587_2021
96,USA_HI_CDC_QDX24713144_2021
97,USA_HI_CDC_QDX24799270_2021
98,USA_HI_CDC_QDX24863454_2021
99,USA_HI_CDC_QDX24863477_2021
100,USA_HI_CDC_QDX24940843_2021
101,USA_HI_CDC_QDX24940845_2021
102,USA_HI_CDC_QDX24940846_2021
103,USA_HI_CDC_QDX24940847_2021
104,USA_HI_CDC_QDX25392304_2021
105,USA_HI_CDC_QDX25890932_2021
106,USA_HI_CDC_QDX25952524_2021
107,USA_HI_CDC_QDX26075392_2021
108,USA_HI_CDC_QDX26075393_2021
109,USA_HI_CDC_QDX26075394_2021
110,USA_HI_CDC_QDX26075461_2021
111,USA_HI_CDC_QDX26075519_2021
112,USA_HI_CDC_QDX26075558_2021
113,USA_HI_CDC_QDX26075559_2021
114,USA_HI_CDC_QDX26299953_2021
115,USA_HI_CDC_QDX26300139_2021
116,USA_HI_CDC_QDX26400478_2021
117,USA_HI_CDC_QDX26400479_2021
118,USA_HI_CDC_STM_000066092_2021
119,USA_HI_CDC_STM_000066831_2021
120,USA_HI_CDC_STM_000705209_2021
121,USA_HI_H211017_2021
122,USA_HI_H211023_2021
123,USA_HI_H211111_2021
124,USA_HI_H211123_2021
125,USA_HI_H211141_2021
126,USA_HI_H211279_2021
127,USA_HI_H211314_2021
128,USA_HI_H211317_2021
129,USA_HI_H211328_2021
130,USA_HI_H211349_2021
131,USA_HI_H211350_2021
132,USA_HI_H211357_2021
133,USA_HI_H211406_2021
134,USA_HI_H211411_2021
135,USA_HI_H211424_2021
136,USA_HI_H211450_2021
137,USA_HI_H211456_2021
138,USA_HI_H211457_2021
139,USA_HI_H211461_2021
140,USA_HI_H211470_2021
141,USA_HI_H211472_2021
142,USA_HI_H211518_2021
143,USA_HI_H211524_2021
144,USA_HI_H211531_2021
145,USA_HI_H211545_2021
146,USA_HI_H211551_2021
147,USA_HI_H211562_2021
148,USA_HI_H211570_2021
149,USA_HI_H211575_2021
150,USA_HI_H211576_2021
151,USA_HI_H211577_2021
152,USA_HI_H211589_2021
153,USA_HI_H211596_2021
154,USA_HI_H211604_2021
155,USA_HI_H211608_2021
156,USA_HI_H211612_2021
157,USA_HI_H211614_2021
158,USA_HI_H211615_2021
159,USA_HI_H211616_2021
160,USA_HI_H211617_2021
161,USA_HI_H211618_2021
162,USA_HI_H211624_2021
163,USA_HI_H211625_2021
164,USA_HI_H211626_2021
165,USA_HI_H211627_2021
166,USA_HI_H211639_2021
167,USA_HI_H211651_2021
168,USA_HI_H211652_2021
169,USA_HI_H211655_2021
170,USA_HI_H211672_2021
171,USA_HI_H211679_2021
172,USA_HI_H211685_2021
173,USA_HI_H211688_2021
174,USA_HI_H211689_2021
175,USA_HI_H211705_2021
176,USA_HI_H211727_2021
177,USA_HI_H211735_2021
178,USA_HI_H211753_2021
179,USA_HI_H211759_2021
180,USA_HI_H211762_2021
181,USA_HI_H211763_2021
182,USA_HI_H211765_2021
183,USA_HI_H211773_2021
184,USA_HI_H211774_2021
185,USA_HI_H211775_2021
186,USA_HI_H211776_2021
187,USA_HI_H211777_2021
188,USA_HI_H211780_2021
189,USA_HI_H211788_2021
190,USA_HI_H211790_2021
191,USA_HI_H211796_2021
192,USA_HI_H211806_2021
193,USA_HI_H211807_2021
194,USA_HI_H211822_2021
195,USA_HI_H211828_2021
196,USA_HI_H211834_2021
197,USA_HI_H211840_2021
198,USA_HI_H211842_2021
199,USA_HI_H211847_2021
200,USA_HI_H211859_2021
201,USA_HI_H211860_2021
202,USA_HI_H211861_2021
203,USA_HI_H211862_2021
204,USA_HI_H211869_2021
205,USA_HI_H211871_2021
206,USA_HI_H211873_2021
207,USA_HI_H211874_2021
208,USA_HI_H211877_2021
209,USA_HI_H211879_2021
210,USA_HI_H211884_2021
211,USA_HI_H211885_2021
212,USA_HI_H211886_2021
213,USA_HI_H211887_2021
214,USA_HI_H211888_2021
215,USA_HI_H211897_2021
216,USA_HI_H211899_2021
217,USA_HI_H211901_2021
218,USA_HI_H211908_2021
219,USA_HI_H211909_2021
220,USA_HI_H211910_2021
221,USA_HI_H211928_2021
222,USA_HI_H211929_2021
223,USA_HI_H211939_2021
224,USA_HI_H211944_2021
225,USA_HI_H211949_2021
226,USA_HI_H211950_2021
227,USA_HI_H211958_2021
228,USA_HI_H211973_2021
229,USA_HI_H211978_2021
230,USA_HI_H211979_2021
231,USA_HI_H211981_2021
232,USA_HI_H211982_2021
233,USA_HI_H211987_2021
234,USA_HI_H211988_2021
235,USA_HI_H211991_2021
236,USA_HI_H211994_2021
237,USA_HI_H211995_2021
238,USA_HI_H211997_2021
239,USA_HI_H211998_2021
240,USA_HI_H212001_2021
241,USA_HI_H212003_2021
242,USA_HI_H212005_2021
243,USA_HI_H212008_2021
244,USA_HI_H212012_2021
245,USA_HI_H212018_2021
246,USA_HI_H212020_2021
247,USA_HI_H212021_2021
248,USA_HI_H212022_2021
249,USA_HI_H212023_2021
250,USA_HI_H212024_2021
251,USA_HI_H212025_2021
252,USA_HI_H212029_2021
253,USA_HI_H212033_2021
254,USA_HI_H212035_2021
255,USA_HI_H212038_2021
256,USA_HI_H212039_2021
257,USA_HI_H212046_2021
258,USA_HI_H212053_2021
259,USA_HI_H212054_2021
260,USA_HI_H212058_2021
261,USA_HI_H212064_2021
262,USA_HI_H212067_2021
263,USA_HI_H212075_2021
264,USA_HI_H212076_2021
265,USA_HI_H212077_2021
266,USA_HI_H212079_2021
267,USA_HI_H212080_2021
268,USA_HI_H212085_2021
269,USA_HI_H212092_2021
270,USA_HI_H212093_2021
271,USA_HI_H212094_2021
272,USA_HI_H212096_2021
273,USA_HI_H212097_2021
274,USA_HI_H212103_2021
275,USA_HI_H212105_2021
276,USA_HI_H212106_2021
277,USA_HI_H212112_2021
278,USA_HI_H212114_2021
279,USA_HI_H212115_2021
280,USA_HI_H212117_2021
281,USA_HI_H212118_2021
282,USA_HI_H212119_2021
283,USA_HI_H212120_2021
284,USA_HI_H212121_2021
285,USA_HI_H212122_2021
286,USA_HI_H212123_2021
287,USA_HI_H212124_2021
288,USA_HI_H212126_2021
289,USA_HI_H212130_2021
290,USA_HI_H212134_2021
291,USA_HI_H212135_2021
292,USA_HI_H212136_2021
293,USA_HI_H212138_2021
294,USA_HI_H212139_2021
295,USA_HI_H212140_2021
296,USA_HI_H212145_2021
297,USA_HI_H212146_2021
298,USA_HI_H212149_2021
299,USA_HI_H212152_2021
300,USA_HI_H212154_2021
301,USA_HI_H212155_2021
302,USA_HI_H212157_2021
303,USA_HI_H212158_2021
304,USA_HI_H212160_2021
305,USA_HI_H212161_2021
306,USA_HI_H212164_2021
307,USA_HI_H212167_2021
308,USA_HI_H212168_2021
309,USA_HI_H212170_2021
310,USA_HI_H212172_2021
311,USA_HI_H212173_2021
312,USA_HI_H212174_2021
313,USA_HI_H212176_2021
314,USA_HI_H212178_2021
315,USA_HI_H212180_2021
316,USA_HI_H212181_2021
317,USA_HI_H212183_2021
318,USA_HI_H212186_2021
319,USA_HI_H212188_2021
320,USA_HI_H212189_2021
321,USA_HI_H212190_2021
322,USA_HI_H212192_2021
323,USA_HI_H212193_2021
324,USA_HI_H212196_2021
325,USA_HI_H212198_2021
326,USA_HI_H212199_2021
327,USA_HI_H212200_2021
328,USA_HI_H212202_2021
329,USA_HI_H212205_2021
330,USA_HI_H212206_2021
331,USA_HI_H212207_2021
332,USA_HI_H212208_2021
333,USA_HI_H212212_2021
334,USA_HI_H212214_2021
335,USA_HI_H212216_2021
336,USA_HI_H212218_2021
337,USA_HI_H212219_2021
338,USA_HI_H212220_2021
339,USA_HI_H212225_2021
340,USA_HI_H212228_2021
341,USA_HI_H212231_2021
342,USA_HI_H212232_2021
343,USA_HI_H212233_2021
344,USA_HI_H212234_2021
345,USA_HI_H212235_2021
346,USA_HI_H212237_2021
347,USA_HI_H212238_2021
348,USA_HI_H212239_2021
349,USA_HI_H212240_2021
350,USA_HI_H212242_2021
351,USA_HI_H212243_2021
352,USA_HI_H212245_2021
353,USA_HI_H212246_2021
354,USA_HI_H212250_2021
355,USA_HI_H212251_2021
356,USA_HI_H212253_2021
357,USA_HI_H212254_2021
358,USA_HI_H212257_2021
359,USA_HI_H212261_2021
360,USA_HI_H212262_2021
361,USA_HI_H212263_2021
362,USA_HI_H212264_2021
363,USA_HI_H212266_2021
364,USA_HI_H212267_2021
365,USA_HI_H212269_2021
366,USA_HI_H212272_2021
367,USA_HI_H212273_2021
368,USA_HI_H212275_2021
369,USA_HI_H212276_2021
370,USA_HI_H212280_2021
371,USA_HI_H212281_2021
372,USA_HI_H212282_2021
373,USA_HI_H212285_2021
374,USA_HI_H212287_2021
375,USA_HI_H212288_2021
376,USA_HI_H212289_2021
377,USA_HI_H212291_2021
378,USA_HI_H212292_2021
379,USA_HI_H212294_2021
380,USA_HI_H212297_2021
381,USA_HI_H212299_2021
382,USA_HI_H212300_2021
383,USA_HI_H212302_2021
384,USA_HI_H212304_2021
385,USA_HI_H212306_2021
386,USA_HI_H212307_2021
387,USA_HI_H212308_2021
388,USA_HI_H212310_2021
389,USA_HI_H212311_2021
390,USA_HI_H212316_2021
391,USA_HI_H212317_2021
392,USA_HI_H212322_2021
393,USA_HI_H212323_2021
394,USA_HI_H212325_2021
395,USA_HI_H212326_2021
396,USA_HI_H212331_2021
397,USA_HI_H212332_2021
398,USA_HI_H212333_2021
399,USA_HI_H212334_2021
400,USA_HI_H212336_2021
401,USA_HI_H212339_2021
402,USA_HI_H212341_2021
403,USA_HI_H212344_2021
404,USA_HI_H212350_2021
405,USA_HI_H212367_2021
406,USA_HI_H212368_2021
407,USA_HI_H212379_2021
408,USA_HI_H212380_2021
409,USA_HI_H212381_2021
410,USA_HI_H212383_2021
411,USA_HI_H212384_2021
412,USA_HI_H212385_2021
413,USA_HI_H212391_2021
414,USA_HI_H212392_2021
415,USA_HI_H212396_2021
416,USA_HI_H212397_2021
417,USA_HI_H212399_2021
418,USA_HI_H212400_2021
419,USA_HI_H212402_2021
420,USA_HI_H212404_2021
421,USA_HI_H212431_2021
422,USA_HI_H212432_2021
423,USA_HI_H212434_2021
424,USA_HI_H212438_2021
425,USA_HI_H212439_2021
426,USA_HI_H212440_2021
427,USA_HI_H212441_2021
428,USA_HI_H212442_2021
429,USA_HI_H212443_2021
430,USA_HI_H212445_2021
431,USA_HI_H212447_2021
432,USA_HI_H212448_2021
433,USA_HI_H212454_2021
434,USA_HI_H212456_2021
435,USA_HI_H212461_2021
436,USA_HI_H212462_2021
437,USA_HI_H212465_2021
438,USA_HI_H212466_2021
439,USA_HI_H212467_2021
440,USA_HI_H212473_2021
441,USA_HI_H212474_2021
442,USA_HI_H212475_2021
443,USA_HI_H212476_2021
444,USA_HI_H212477_2021
445,USA_HI_H212478_2021
446,USA_HI_H212479_2021
447,USA_HI_H212482_2021
448,USA_HI_H212483_2021
449,USA_HI_H212484_2021
450,USA_HI_H212485_2021
451,USA_HI_H212488_2021
452,USA_HI_H212489_2021
453,USA_HI_H212491_2021
454,USA_HI_H212493_2021
455,USA_HI_H212497_2021
456,USA_HI_H212498_2021
457,USA_HI_H212499_2021
458,USA_HI_H212501_2021
459,USA_HI_H212502_2021
460,USA_HI_H212504_2021
461,USA_HI_H212506_2021
462,USA_HI_H212507_2021
463,USA_HI_H212511_2021
464,USA_HI_H212512_2021
465,USA_HI_H212513_2021
466,USA_HI_H212516_2021
467,USA_HI_H212517_2021
468,USA_HI_H212518_2021
469,USA_HI_H212520_2021
470,USA_HI_H212522_2021
471,USA_HI_H212523_2021
472,USA_HI_H212524_2021
473,USA_HI_H212525_2021
474,USA_HI_H212526_2021
475,USA_HI_H212527_2021
476,USA_HI_H212528_2021
477,USA_HI_H212533_2021
478,USA_HI_H212537_2021
479,USA_HI_H212538_2021
480,USA_HI_H212543_2021
481,USA_HI_H212544_2021
482,USA_HI_H212546_2021
483,USA_HI_H212547_2021
484,USA_HI_H212549_2021
485,USA_HI_H212552_2021
486,USA_HI_H212553_2021
487,USA_HI_H212555_2021
488,USA_HI_H212556_2021
489,USA_HI_H212557_2021
490,USA_HI_H212561_2021
491,USA_HI_H212567_2021
492,USA_HI_H212570_2021
493,USA_HI_H212576_2021
494,USA_HI_H212581_2021
495,USA_HI_H212582_2021
496,USA_HI_H212583_2021
497,USA_HI_H212585_2021
498,USA_HI_H212590_2021
499,USA_HI_H212591_2021
500,USA_HI_H212601_2021
501,USA_HI_H212603_2021
502,USA_HI_H212604_2021
503,USA_HI_H212614_2021
504,USA_HI_H212617_2021
505,USA_HI_H212622_2021
506,USA_HI_H212625_2021
507,USA_HI_H212627_2021
508,USA_HI_H212632_2021
509,USA_HI_H212633_2021
510,USA_HI_H212648_2021
511,USA_HI_H212654_2021
512,USA_HI_H212656_2021
513,USA_HI_H212660_2021
514,USA_HI_H212668_2021
515,USA_HI_H212669_2021
516,USA_HI_H212670_2021
517,USA_HI_H212672_2021
518,USA_HI_H212673_2021
519,USA_HI_H212677_2021
520,USA_HI_H212678_2021
521,USA_HI_H212679_2021
522,USA_HI_H212681_2021
523,USA_HI_H212684_2021
524,USA_HI_H212685_2021
525,USA_HI_H212688_2021
526,USA_HI_H212689_2021
527,USA_HI_H212697_2021
528,USA_HI_H212698_2021
529,USA_HI_H212704_2021
530,USA_HI_H212711_2021
531,USA_HI_H212712_2021
532,USA_HI_H212714_2021
533,USA_HI_H212725_2021
534,USA_HI_H212734_2021
535,USA_HI_H212735_2021
536,USA_HI_H212745_2021
537,USA_HI_H212750_2021
538,USA_HI_H212753_2021
539,USA_HI_H212762_2021
540,USA_HI_H212767_2021
541,USA_HI_H212777_2021
542,USA_HI_H212782_2021
543,USA_HI_H212785_2021
544,USA_HI_H212790_2021
545,USA_HI_H212799_2021
546,USA_HI_H212805_2021
547,USA_HI_H212814_2021
548,USA_HI_H212815_2021
549,USA_HI_H212824_2021
550,USA_HI_H212831_2021
551,USA_HI_H212832_2021
552,USA_HI_H212833_2021
553,USA_HI_H212837_2021
554,USA_HI_H212839_2021
555,USA_HI_H212840_2021
556,USA_HI_H212841_2021
557,USA_HI_H212843_2021
558,USA_HI_H212844_2021
559,USA_HI_H212845_2021
560,USA_HI_H212849_2021
561,USA_HI_H212851_2021
562,USA_HI_H212852_2021
563,USA_HI_H212853_2021
564,USA_HI_H212854_2021
565,USA_HI_H212857_2021
566,USA_HI_H212858_2021
567,USA_HI_H212859_2021
568,USA_HI_H212861_2021
569,USA_HI_H212865_2021
570,USA_HI_H212866_2021
571,USA_HI_H212867_2021
572,USA_HI_H212868_2021
573,USA_HI_H212870_2021
574,USA_HI_H212871_2021
575,USA_HI_H212872_2021
576,USA_HI_H212873_2021
577,USA_HI_H212878_2021
578,USA_HI_H212883_2021
579,USA_HI_H212889_2021
580,USA_HI_H212890_2021
581,USA_HI_H212893_2021
582,USA_HI_H212896_2021
583,USA_HI_H212897_2021
584,USA_HI_H212899_2021
585,USA_HI_H212905_2021
586,USA_HI_H212906_2021
587,USA_HI_H212909_2021
588,USA_HI_H212911_2021
589,USA_HI_H212914_2021
590,USA_HI_H212920_2021
591,USA_HI_H212930_2021
592,USA_HI_H212934_2021
593,USA_HI_H212935_2021
594,USA_HI_H212937_2021
595,USA_HI_H212938_2021
596,USA_HI_H212944_2021
597,USA_HI_H212945_2021
598,USA_HI_H212947_2021
599,USA_HI_H212953_2021
600,USA_HI_H212965_2021
601,USA_HI_H212966_2021
602,USA_HI_H212971_2021
603,USA_HI_H212972_2021
604,USA_HI_H212975_2021
605,USA_HI_H212980_2021
606,USA_HI_H212981_2021
607,USA_HI_H212982_2021
608,USA_HI_H212991_2021
609,USA_HI_H213004_2021
610,USA_HI_H213005_2021
611,USA_HI_H213007_2021
612,USA_HI_H213008_2021
613,USA_HI_H213010_2021
614,USA_HI_H213012_2021
615,USA_HI_H213013_2021
616,USA_HI_H213015_2021
617,USA_HI_H213016_2021
618,USA_HI_H213017_2021
619,USA_HI_H213019_2021
620,USA_HI_H213021_2021
621,USA_HI_H213025_2021
622,USA_HI_H213052_2021
623,USA_HI_H213116_2021
624,USA_HI_H213126_2021
625,USA_HI_H213127_2021
626,USA_HI_H213137_2021
627,USA_HI_H213145_2021
628,USA_HI_H213146_2021
629,USA_HI_H213217_2021
630,USA_HI_H213243_2021
631,USA_HI_H213262_2021
632,USA_HI_H213299_2021
633,USA_HI_H213309_2021
634,USA_HI_H213318_2021
635,USA_HI_H213336_2021
636,USA_HI_H213371_2021
637,USA_HI_H213389_2021
638,USA_HI_H213391_2021
639,USA_HI_H213401_2021
640,USA_HI_H213406_2021
641,USA_HI_H213416_2021
642,USA_HI_H213419_2021
643,USA_HI_H213449_2021
644,USA_HI_H213480_2021
645,USA_HI_H213498_2021
646,USA_HI_H213499_2021
647,USA_HI_H213504_2021
648,USA_HI_H213531_2021
649,USA_HI_OHSU_11545_2021
650,USA_HI_QDX_26215321_2021
651,USA_HI_BL029_2021
652,USA_HI_BL030_2021
653,USA_HI_BL034_2021
654,USA_HI_BL038_2021
655,USA_HI_BL041_2021
656,USA_HI_BL047_2021
657,USA_HI_BL051_2021
658,USA_HI_BL054_2021
659,USA_HI_BL221_2021
660,USA_HI_BL223_2021
661,USA_HI_BL224_2021
662,USA_HI_BL228_2021
663,USA_HI_BL229_2021
664,USA_HI_BL231_2021
665,USA_HI_BL232_2021
666,USA_HI_BL235_2021
667,USA_HI_BL237_2021
668,USA_HI_BL238_2021
669,USA_HI_BL239_2021
670,USA_HI_BL240_2021
671,USA_HI_BL241_2021
672,USA_HI_BL242_2021
673,USA_HI_BL243_2021
674,USA_HI_BL245_2021
675,USA_HI_BL246_2021
676,USA_HI_BL251_2021
677,USA_HI_BL253_2021
678,USA_HI_BL254_2021
679,USA_HI_BL255_2021
680,USA_HI_BL257_2021
681,USA_HI_BL258_2021
682,USA_HI_BL260_2021
683,USA_HI_BL264_2021
684,USA_HI_BL265_2021
685,USA_HI_BL266_2021
686,USA_HI_BL269_2021
687,USA_HI_BL271_2021
688,USA_CA_CDPH_3000050840_2021
689,USA_CA_LACPHL_AF00890_2021
690,USA_CA_CDC_2_4214250_2021
691,USA_CA_CDPH_2000043813_2021
692,USA_CA_CDPH_3000051303_2021
693,USA_CA_CDPH_3000051304_2021
694,USA_CA_CDPH_2000049622_2021
695,USA_CA_LACPHL_AF01068_2021
696,USA_CA_CDPH_3000024659_2021
697,USA_CA_CDC_2_4173828_2021
698,USA_CA_LACPHL_AF01150_2021
699,USA_CA_LACPHL_AF01199_2021
700,USA_CA_CDPH_3000133006_2021
701,USA_CA_LACPHL_AF01438_2021
702,USA_CA_LACPHL_AF02169_2021
703,USA_CA_LACPHL_AF00844_2021
704,USA_CA_LACPHL_AF01071_2021
705,USA_CA_CDPH_3000006130_2021
706,USA_CA_CDPH_3000017235_2021
707,USA_CA_CDPH_2000045350_2021
708,USA_CA_CDPH_2000042722_2021
709,USA_CA_CDPH_3000052434_2021
710,USA_CA_CDPH_3000052437_2021
711,USA_CA_CDPH_3000052435_2021
712,USA_CA_CDPH_3000046624_2021
713,USA_CA_CDPH_3000005989_2021
714,USA_CA_CDPH_2000044517_2021
715,USA_CA_CDPH_2000041152_2021
716,USA_CA_CDPH_3000043863_2021
717,USA_CA_CDPH_3000039880_2021
718,USA_CA_CDPH_2000048623_2021
719,USA_CA_CDPH_3000040563_2021
720,USA_CA_CDPH_MC2094314_2021
721,USA_CA_LACPHL_AF01373_2021
722,USA_CA_CDC_2_4242789_2021
723,USA_CA_CDPH_3000127860_2021
724,USA_CA_CDPH_3000100741_2021
725,USA_CA_CDPH_3000100745_2021
726,USA_CA_CDPH_3000100748_2021
727,USA_CA_CDPH_3000100744_2021
728,USA_CA_LACPHL_AF02229_2021
729,USA_CA_LACPHL_AF00679_2021
730,USA_CA_LACPHL_AF00729_2021
731,USA_CA_CDPH_3000050877_2021
732,USA_CA_LACPHL_AF00709_2021
733,USA_CA_LACPHL_AF04342_2021
734,USA_CA_CDPH_3000124231_2021
735,USA_CA_CDPH_3000124230_2021
736,USA_CA_CDPH_3000027506_2021
737,USA_CA_CDPH_2000049614_2021
738,USA_CA_CDPH_3000031713_2021
739,USA_CA_CDPH_2000047517_2021
740,USA_CA_CDPH_3000031714_2021
741,USA_CA_CDPH_2000047524_2021
742,USA_CA_CDPH_3000013642_2021
743,USA_CA_CDPH_3000015689_2021
744,USA_CA_LACPHL_AF01203_2021
745,USA_CA_CDPH_3000039701_2021
746,USA_CA_CDPH_3000033905_2021
747,USA_CA_CDPH_2000047820_2021
748,USA_CA_CDPH_3000032007_2021
749,USA_CA_CDPH_2000048631_2021
750,USA_CA_CDPH_3000040491_2021
751,USA_CA_CDPH_3000039537_2021
752,USA_CA_CDPH_3000032563_2021
753,USA_CA_CDPH_3000039721_2021
754,USA_CA_LACPHL_AF01046_2021
755,USA_CA_CDC_2_4173975_2021
756,USA_CA_CDPH_3000015569_2021
757,USA_CA_CDPH_3000010229_2021
758,USA_CA_CDPH_3000007313_2021
759,USA_CA_LACPHL_AF00552_2021
760,USA_CA_CDC_2_4282812_2021
761,USA_CA_LACPHL_AF01117_2021
762,USA_CA_CDC_2_4214120_2021
763,USA_CA_LACPHL_AF01229_2021
764,USA_CA_LACPHL_AF00714_2021
765,USA_CA_CDPH_3000019308_2021
766,USA_CA_LACPHL_AF01581_2021
767,USA_CA_CDPH_3000043956_2021
768,USA_CA_CSMC120_2021
769,USA_CA_LACPHL_AF01521_2021
770,USA_CA_LACPHL_AF02246_2021
771,USA_CA_CDPH_3000150785_2021
772,USA_CA_LACPHL_AF00620_2021
773,USA_CA_LACPHL_AF00860_2021
774,USA_CA_LACPHL_AF00712_2021
775,USA_CA_LACPHL_AF00913_2021
776,USA_CA_LACPHL_AF00855_2021
777,USA_CA_LACPHL_AF00665_2021
778,USA_CA_LACPHL_AF00845_2021
779,USA_CA_CDCBI_FlowHealth_00341_2021
780,USA_CA_CDC_2_4242870_2021
781,USA_CA_CDC_2_4242890_2021
782,USA_CA_CDPH_3000053429_2021
783,USA_CA_CDPH_3000153550_2021
784,USA_CA_CDPH_3000151262_2021
785,USA_CA_LACPHL_AF00926_2021
786,USA_CA_LACPHL_AF01026_2021
787,USA_CA_LACPHL_AF01027_2021
788,USA_CA_LACPHL_AF01001_2021
789,USA_CA_LACPHL_AF00852_2021
790,USA_CA_LACPHL_AF00998_2021
791,USA_CA_LACPHL_AF01051_2021
792,USA_CA_CDC_2_4242781_2021
793,USA_CA_CSMC184_2021
794,USA_CA_LACPHL_AF01005_2021
795,USA_CA_LACPHL_AF01052_2021
796,USA_CA_LACPHL_AF00648_2021
797,USA_CA_LACPHL_AF01191_2021
798,USA_CA_CDPH_3000118083_2021
799,USA_CA_CDPH_2000049166_2021
800,USA_CA_CSMC221_2021
801,USA_CA_LACPHL_AF05391_2021
802,USA_CA_CDC_2_4173996_2021
803,USA_CA_LACPHL_AF00858_2021
804,USA_CA_LACPHL_AF01134_2021
805,USA_CA_LACPHL_AF01056_2021
806,USA_CA_CDPH_2000047226_2021
807,USA_CA_CDPH_3000032594_2021
808,USA_CA_LACPHL_AF01135_2021
809,USA_CA_CSMC52_2021
810,USA_CA_CDC_2_4282905_2021
811,USA_CA_CDPH_3000051663_2021
812,USA_CA_CDPH_3000020950_2021
813,USA_CA_CDC_2_4451277_2021
814,USA_CA_CDPH_3000005706_2021
815,USA_CA_LACPHL_AF01042_2021
816,USA_CA_LACPHL_AF01045_2021
817,USA_CA_LACPHL_AF01011_2021
818,USA_CA_LACPHL_AF01129_2021
819,USA_CA_CDPH_2000047006_2021
820,USA_CA_CSMC62_2021
821,USA_CA_CDPH_3000030526_2021
822,USA_CA_LACPHL_AF02230_2021
823,USA_CA_LACPHL_AF00933_2021
824,USA_CA_CDPH_3000008403_2021
825,USA_CA_CDPH_3000100021_2021
826,USA_CA_CSMC222_2021
827,USA_CA_CDPH_3000009051_2021
828,USA_CA_CDPH_3000008856_2021
829,USA_CA_LACPHL_AF01138_2021
830,USA_CA_CDPH_3000030068_2021
831,USA_CA_CDPH_3000053964_2021
832,USA_CA_CDPH_3000054461_2021
833,USA_CA_CDPH_3000054677_2021
834,USA_CA_CDPH_2000042725_2021
835,USA_CA_LACPHL_AF01146_2021
836,USA_CA_CDC_2_4242780_2021
837,USA_CA_CDC_2_4242769_2021
838,USA_CA_CDC_2_4242867_2021
839,USA_CA_CDPH_3000044794_2021
840,USA_CA_CDC_2_4173953_2021
841,USA_CA_LACPHL_AF00904_2021
842,USA_CA_LACPHL_AF00899_2021
843,USA_CA_LACPHL_AF00903_2021
844,USA_CA_LACPHL_AF01235_2021
845,USA_CA_LACPHL_AF00930_2021
846,USA_CA_LACPHL_AF01234_2021
847,USA_CA_LACPHL_AF00912_2021
848,USA_CA_CDPH_2000046912_2021
849,USA_CA_CDPH_2000046836_2021
850,USA_CA_CDC_2_4242772_2021
851,USA_CA_CDPH_2000041676_2021
852,USA_CA_CDPH_3000019311_2021
853,USA_CA_CDPH_3000025370_2021
854,USA_CA_LACPHL_AF01397_2021
855,USA_CA_CDPH_3000119905_2021
856,USA_CA_CDPH_3000118637_2021
857,USA_CA_LACPHL_AF00922_2021
858,USA_CA_LACPHL_AF01088_2021
859,USA_CA_LACPHL_AF01398_2021
860,USA_CA_CDC_2_4502848_2021
861,USA_CA_LACPHL_AF00918_2021
862,USA_CA_CDCBI_FlowHealth_10245_2021
863,USA_CA_CDPH_3000010287_2021
864,USA_CA_LACPHL_AF01189_2021
865,USA_CA_CDPH_2000048094_2021
866,USA_CA_CDPH_3000040620_2021
867,USA_CA_CDPH_3000008506_2021
868,USA_CA_LACPHL_AF00919_2021
869,USA_CA_LACPHL_AF00920_2021
870,USA_CA_LACPHL_AF00921_2021
871,USA_CA_LACPHL_AF00923_2021
872,USA_CA_CDPH_3000026882_2021
873,USA_CA_CDPH_3000005857_2021
874,USA_CA_CDC_2_4214115_2021
875,USA_CA_CDPH_2000044511_2021
876,USA_CA_CDPH_3000006139_2021
877,USA_CA_LACPHL_AF00971_2021
878,USA_CA_CDPH_2000049004_2021
879,USA_CA_CDPH_3000036054_2021
880,USA_CA_CDPH_3000053573_2021
881,USA_CA_CDPH_3000047459_2021
882,USA_CA_LACPHL_AF01422_2021
883,USA_CA_CSMC22_2021
884,USA_CA_CSMC74_2021
885,USA_CA_CSMC174_2021
886,USA_CA_LACPHL_AF00575_2021
887,USA_CA_LACPHL_AF00554_2021
888,USA_CA_CSMC154_2021
889,USA_CA_LACPHL_AF00680_2021
890,USA_CA_LACPHL_AF00669_2021
891,USA_CA_LACPHL_AF00732_2021
892,USA_CA_LACPHL_AF01003_2021
893,USA_CA_LACPHL_AF01393_2021
894,USA_CA_CDPH_3000118937_2021
895,USA_CA_CDPH_2000045353_2021
896,USA_CA_CDPH_3000013284_2021
897,USA_CA_CDPH_3000013275_2021
898,USA_CA_CDPH_3000032878_2021
899,USA_CA_CDPH_3000032827_2021
900,USA_CA_CDPH_3000032879_2021
901,USA_CA_CDPH_2000046579_2021
902,USA_CA_CSMC27_2021
903,USA_CA_CDPH_3000007598_2021
904,USA_CA_LACPHL_AF02344_2021
905,USA_CA_LACPHL_AF00940_2021
906,USA_CA_LACPHL_AF02235_2021
907,USA_CA_CSMC54_2021
908,USA_CA_LACPHL_AF01149_2021
909,USA_CA_CSMC12_2021
910,USA_CA_CDCBI_FlowHealth_00437_2021
911,USA_CA_LACPHL_AF01768_2021
912,USA_CA_LACPHL_AF01323_2021
913,USA_CA_LACPHL_AF01395_2021
914,USA_CA_CDPH_3000031378_2021
915,USA_CA_LACPHL_AF01064_2021
916,USA_CA_CDC_2_4242792_2021
917,USA_CA_CDPH_3000032949_2021
918,USA_CA_CDPH_3000006142_2021
919,USA_CA_CDPH_3000006140_2021
920,USA_CA_CDC_2_4242892_2021
921,USA_CA_CDC_2_4282848_2021
922,USA_CA_CDPH_3000007641_2021
923,USA_CA_CDPH_3000007642_2021
924,USA_CA_CDPH_2000046882_2021
925,USA_CA_CDPH_2000046889_2021
926,USA_CA_CSMC51_2021
927,USA_CA_CDPH_3000050302_2021
928,USA_CA_CDPH_3000051461_2021
929,USA_CA_CDC_2_4214128_2021
930,USA_CA_LACPHL_AF01446_2021
931,USA_CA_CDPH_2000046570_2021
932,USA_CA_LACPHL_AF01079_2021
933,USA_CA_LACPHL_AF01115_2021
934,USA_CA_LACPHL_AF01433_2021
935,USA_CA_CDPH_3000031379_2021
936,USA_CA_CDPH_3000051635_2021
937,USA_CA_CDC_2_4242877_2021
938,USA_CA_CSMC86_2021
939,USA_CA_LACPHL_AF01818_2021
940,USA_CA_CDPH_3000118916_2021
941,USA_CA_LACPHL_AF02196_2021
942,USA_CA_LACPHL_AF02166_2021
943,USA_CA_LACPHL_AF02175_2021
944,USA_CA_CDPH_3000100708_2021
945,USA_CA_LACPHL_AF00888_2021
946,USA_CA_CDC_2_4242794_2021
947,USA_CA_LACPHL_AF00702_2021
948,USA_CA_LACPHL_AF00707_2021
949,USA_CA_CDPH_2000043913_2021
950,USA_CA_CDPH_3000031375_2021
951,USA_CA_CDC_2_4451380_2021
952,USA_CA_CDPH_3000032968_2021
953,USA_CA_CDPH_2000048202_2021
954,USA_CA_CDPH_2000048140_2021
955,USA_CA_CDPH_3000040606_2021
956,USA_CA_CDC_2_4214242_2021
957,USA_CA_LACPHL_AF00992_2021
958,USA_CA_CSMC137_2021
959,USA_CA_CDPH_3000043823_2021
960,USA_CA_CDPH_3000047504_2021
961,USA_CA_CDPH_3000050523_2021
962,USA_CA_LACPHL_AF00787_2021
963,USA_CA_CDPH_3000032010_2021
964,USA_CA_CDPH_3000028913_2021
965,USA_CA_CDPH_3000028915_2021
966,USA_CA_CDPH_3000039529_2021
967,USA_CA_CDPH_3000052543_2021
968,USA_CA_CDPH_3000052542_2021
969,USA_CA_CDC_2_3973064_2021
970,USA_CA_CDPH_3000032482_2021
971,USA_CA_CDC_2_4242759_2021
972,USA_CA_LACPHL_AF01113_2021
973,USA_CA_CSMC33_2021
974,USA_CA_LACPHL_AF01238_2021
975,USA_CA_LACPHL_AF01308_2021
976,USA_CA_LACPHL_AF01216_2021
977,USA_CA_LACPHL_AF04341_2021
978,USA_CA_LACPHL_AF04346_2021
979,USA_CA_LACPHL_AF01019_2021
980,USA_CA_CDPH_2000046787_2021
981,USA_CA_CDPH_3000034000_2021
982,USA_CA_CDPH_2000047576_2021
983,USA_CA_CDPH_2000046083_2021
984,USA_CA_LACPHL_AF01237_2021
985,USA_CA_LACPHL_AF01244_2021
986,USA_CA_CDPH_3000051095_2021
987,USA_CA_CDPH_3000049838_2021
988,USA_CA_CDPH_3000051101_2021
989,USA_CA_LACPHL_AF01031_2021
990,USA_CA_CSMC98_2021
991,USA_CA_CDPH_2000048497_2021
992,USA_CA_CDPH_2000047851_2021
993,USA_CA_CDPH_3000040682_2021
994,USA_CA_CDPH_3000031377_2021
995,USA_CA_CDPH_2000048561_2021
996,USA_CA_LACPHL_AF00666_2021
997,USA_CA_LACPHL_AF00681_2021
998,USA_CA_CDC_2_4214236_2021
999,USA_CA_CSMC66_2021
1000,USA_CA_CDPH_3000047182_2021
1001,USA_CA_LACPHL_AF02162_2021
1002,USA_CA_CDPH_3000050520_2021
1003,USA_CA_CDPH_3000013625_2021
1004,USA_CA_CDPH_3000013645_2021
1005,USA_CA_CDPH_3000011929_2021
1006,USA_CA_CDPH_3000011944_2021
1007,USA_CA_CDPH_3000011939_2021
1008,USA_CA_CDPH_3000017543_2021
1009,USA_CA_CDPH_3000023301_2021
1010,USA_CA_CDC_2_4242700_2021
1011,USA_CA_LACPHL_AF01196_2021
1012,USA_CA_LACPHL_AF00883_2021
1013,USA_CA_CDPH_6000001929_2021
1014,USA_CA_LACPHL_AF01239_2021
1015,USA_CA_LACPHL_AF01082_2021
1016,USA_CA_LACPHL_AF01125_2021
1017,USA_CA_CDC_2_4242878_2021
1018,USA_CA_CDC_2_4242886_2021
1019,USA_CA_CDC_2_4214219_2021
1020,USA_CA_LACPHL_AF00853_2021
1021,USA_CA_CSMC161_2021
1022,USA_CA_LACPHL_AF00905_2021
1023,USA_CA_LACPHL_AF01065_2021
1024,USA_CA_LACPHL_AF00892_2021
1025,USA_CA_CSMC125_2021
1026,USA_CA_LACPHL_AF01346_2021
1027,USA_CA_CDC_2_4369030_2021
1028,USA_CA_LACPHL_AF00776_2021
1029,USA_CA_LACPHL_AF01041_2021
1030,USA_CA_CDPH_3000040977_2021
1031,USA_CA_LACPHL_AF01328_2021
1032,USA_CA_LACPHL_AF01137_2021
1033,USA_CA_LACPHL_AF01391_2021
1034,USA_CA_CDPH_3000008263_2021
1035,USA_CA_CDC_2_4214141_2021
1036,USA_CA_CDC_2_4214148_2021
1037,USA_CA_LACPHL_AF00873_2021
1038,USA_CA_LACPHL_AF00942_2021
1039,USA_CA_CDC_2_4242761_2021
1040,USA_CA_CDPH_2000049358_2021
1041,USA_CA_CDPH_2000049350_2021
1042,USA_CA_LACPHL_AF01151_2021
1043,USA_CA_LACPHL_AF01166_2021
1044,USA_CA_CDC_2_4214229_2021
1045,USA_CA_CDPH_3000008301_2021
1046,USA_CA_CDC_2_4282829_2021
1047,USA_CA_CDPH_2000023678_2021
1048,USA_CA_LACPHL_AF00342_2021
1049,USA_CA_LACPHL_AF00274_2021
1050,USA_CA_CDPH_2000048126_2021
1051,USA_CA_CDPH_3000040654_2021
1052,USA_CA_CDPH_3000050669_2021
1053,USA_CA_CDPH_2000049199_2021
1054,USA_CA_CDPH_3000040584_2021
1055,USA_CA_CDPH_2000048133_2021
1056,USA_CA_CDPH_2000048117_2021
1057,USA_CA_CDPH_2000048696_2021
1058,USA_CA_CDPH_3000040569_2021
1059,USA_CA_CDPH_3000005999_2021
1060,USA_CA_CDPH_3000015630_2021
1061,USA_CA_CDPH_3000039671_2021
1062,USA_CA_CDPH_3000032424_2021
1063,USA_CA_CDPH_3000032423_2021
1064,USA_CA_CDPH_2000048885_2021
1065,USA_CA_CDPH_3000053619_2021
1066,USA_CA_CDC_2_4174058_2021
1067,USA_CA_CDC_2_4242777_2021
1068,USA_CA_LACPHL_AF04348_2021
1069,USA_CA_LACPHL_AF00696_2021
1070,USA_CA_CDPH_3000025400_2021
1071,USA_CA_CDPH_3000045698_2021
1072,USA_CA_CDC_2_4173827_2021
1073,USA_CA_CDC_2_4173956_2021
1074,USA_CA_CSMC17_2021
1075,USA_CA_CDPH_3000117639_2021
1076,USA_CA_CDPH_3000044851_2021
1077,USA_CA_CDPH_3000050888_2021
1078,USA_CA_CDPH_3000014499_2021
1079,USA_CA_CDPH_3000018608_2021
1080,USA_CA_CSMC307_2021
1081,USA_CA_CDPH_3000023190_2021
1082,USA_CA_CDPH_3000023468_2021
1083,USA_CA_CDPH_3000017554_2021
1084,USA_CA_CDPH_3000028636_2021
1085,USA_CA_CDPH_3000034795_2021
1086,USA_CA_LACPHL_AF00551_2021
1087,USA_CA_CDPH_3000026465_2021
1088,USA_CA_LACPHL_AF00569_2021
1089,USA_CA_LACPHL_AF01217_2021
1090,USA_CA_CDPH_3000053241_2021
1091,USA_CA_CDPH_3000023414_2021
1092,USA_CA_CDPH_3000026466_2021
1093,USA_CA_CDPH_3000028926_2021
1094,USA_CA_LACPHL_AF00468_2021
1095,USA_CA_CDPH_3000045059_2021
1096,USA_CA_CDPH_3000019382_2021
1097,USA_CA_LACPHL_AF00512_2021
1098,USA_CA_CDC_2_3975895_2021
1099,USA_CA_CDC_2_3975964_2021
1100,USA_CA_CDPH742_2021
1101,USA_CA_CDPH_2000042713_2021
1102,USA_CA_CDC_2_4242762_2021
1103,USA_CA_LACPHL_AF01598_2021
1104,USA_CA_CDPH_3000050816_2021
1105,USA_CA_LACPHL_AF00676_2021
1106,USA_CA_LACPHL_AF00677_2021
1107,USA_CA_LACPHL_AF00981_2021
1108,USA_CA_LACPHL_AF00983_2021
1109,USA_CA_CDPH_2000042182_2021
1110,USA_CA_CDPH_3000031047_2021
1111,USA_CA_CSMC132_2021
1112,USA_CA_LACPHL_AF01038_2021
1113,USA_CA_CDPH_2000049510_2021
1114,USA_CA_CDPH_3000008356_2021
1115,USA_CA_CDPH_3000009419_2021
1116,USA_CA_CDPH_2000049105_2021
1117,USA_CA_CDPH_3000045907_2021
1118,USA_CA_CDPH_3000053190_2021
1119,USA_CA_CDPH_3000008445_2021
1120,USA_CA_CSMC287_2021
1121,USA_CA_CDPH_3000051665_2021
1122,USA_CA_CDPH_3000006128_2021
1123,USA_CA_CDPH_3000048234_2021
1124,USA_CA_CDPH_2000044327_2021
1125,USA_CA_LACPHL_AF01322_2021
1126,USA_CA_LACPHL_AF01062_2021
1127,USA_CA_CDPH_2000048666_2021
1128,USA_CA_CDPH_3000039667_2021
1129,USA_CA_CDPH_3000005930_2021
1130,USA_CA_LACPHL_AF02093_2021
1131,USA_CA_CDPH_3000045443_2021
1132,USA_CA_CDPH_2000047652_2021
1133,USA_CA_LACPHL_AF01100_2021
1134,USA_CA_CDPH_3000034538_2021
1135,USA_CA_LACPHL_AF00793_2021
1136,USA_CA_CDPH_3000030028_2021
1137,USA_CA_LACPHL_AF01310_2021
1138,USA_CA_LACPHL_AF01204_2021
1139,USA_CA_CSMC76_2021
1140,USA_CA_CSMC100_2021
1141,USA_CA_LACPHL_AF02830_2021
1142,USA_CA_LACPHL_AF01324_2021
1143,USA_CA_LACPHL_AF01522_2021
1144,USA_CA_CDPH_3000010339_2021
1145,USA_CA_LACPHL_AF00887_2021
1146,USA_CA_CDPH_3000015578_2021
1147,USA_CA_CDPH_3000133023_2021
1148,USA_CA_CDPH_3000137749_2021
1149,USA_CA_CDPH_3000134778_2021
1150,USA_CA_CDC_2_4174052_2021
1151,USA_CA_LACPHL_AF04343_2021
1152,USA_CA_LACPHL_AF00995_2021
1153,USA_CA_LACPHL_AF00997_2021
1154,USA_CA_CDPH_2000045498_2021
1155,USA_CA_LACPHL_AF01367_2021
1156,USA_CA_CDPH_3000045491_2021
1157,USA_CA_CDPH_2000046897_2021
1158,USA_CA_LACPHL_AF00791_2021
1159,USA_CA_CDPH_2000048404_2021
1160,USA_CA_CDPH_3000040318_2021
1161,USA_CA_CDPH_2000048577_2021
1162,USA_CA_CDC_2_4282811_2021
1163,USA_CA_CDPH_3000015174_2021
1164,USA_CA_CDPH_3000006104_2021
1165,USA_CA_CDPH_2000049575_2021
1166,USA_CA_CDPH_2000049536_2021
1167,USA_CA_CDPH_2000049520_2021
1168,USA_CA_CDPH_2000049528_2021
1169,USA_CA_CDPH_3000054462_2021
1170,USA_CA_CDPH_3000053466_2021
1171,USA_CA_CDPH_3000053462_2021
1172,USA_CA_CDPH_3000053465_2021
1173,USA_CA_CDCBI_FlowHealth_00436_2021
1174,USA_CA_LACPHL_AF00854_2021
1175,USA_CA_LACPHL_AF00881_2021
1176,USA_CA_CDPH_3000030369_2021
1177,USA_CA_LACPHL_AF01083_2021
1178,USA_CA_CDC_2_4282910_2021
1179,USA_CA_LACPHL_AF01058_2021
1180,USA_CA_LACPHL_AF00740_2021
1181,USA_CA_CDPH_3000007401_2021
1182,USA_CA_LACPHL_AF00678_2021
1183,USA_CA_LACPHL_AF00517_2021
1184,USA_CA_CDPH_3000028156_2021
1185,USA_CA_CDC_2_4173847_2021
1186,USA_CA_LACPHL_AF00299_2021
1187,USA_CA_LACPHL_AF00573_2021
1188,USA_CA_CDPH_3000030067_2021
1189,USA_CA_LACPHL_AF00856_2021
1190,USA_CA_CDPH_2000042709_2021
1191,USA_CA_CDPH1003_2021
1192,USA_CA_CDPH_3000039150_2021
1193,USA_CA_LACPHL_AF02152_2021
1194,USA_CA_LACPHL_AF01118_2021
1195,USA_CA_LACPHL_AF01514_2021
1196,USA_CA_LACPHL_AF00668_2021
1197,USA_CA_CDPH_3000028312_2021
1198,USA_CA_LACPHL_AF00718_2021
1199,USA_CA_CDPH_3000022008_2021
1200,USA_CA_LACPHL_AF00869_2021
1201,USA_CA_CDPH_3000053248_2021
1202,USA_CA_CDPH_3000040693_2021
1203,USA_CA_CDPH_3000030194_2021
1204,USA_CA_CDPH_2000048554_2021
1205,USA_CA_CDPH_2000048376_2021
1206,USA_CA_CDPH_3000049374_2021
1207,USA_CA_CDPH_2000048546_2021
1208,USA_CA_CDPH_3000040745_2021
1209,USA_CA_CDC_2_4451271_2021
1210,USA_CA_CDC_2_4176943_2021
1211,USA_CA_LACPHL_AF01021_2021
1212,USA_CA_CDPH_3000047876_2021
1213,USA_CA_CDPH_3000005763_2021
1214,USA_CA_CSMC64_2021
1215,USA_CA_CSMC72_2021
1216,USA_CA_CDPH_3000032769_2021
1217,USA_CA_CDPH_2000047005_2021
1218,USA_CA_CDPH_3000032764_2021
1219,USA_CA_CDPH_2000046997_2021
1220,USA_CA_CDPH_2000046773_2021
1221,USA_CA_CDPH_2000046772_2021
1222,USA_CA_CDPH_2000046797_2021
1223,USA_CA_CDPH_2000046926_2021
1224,USA_CA_CDPH_3000032696_2021
1225,USA_CA_CDPH_2000046850_2021
1226,USA_CA_CDPH_3000021825_2021
1227,USA_CA_CDC_2_4242795_2021
1228,USA_CA_CDCBI_FlowHealth_00507_2021
1229,USA_CA_CSMC136_2021
1230,USA_CA_CDC_2_4174057_2021
1231,USA_CA_CSMC56_2021
1232,USA_CA_CDPH_3000047875_2021
1233,USA_CA_CDPH_2000044521_2021
1234,USA_CA_CDPH_3000006051_2021
1235,USA_CA_CDPH_3000053659_2021
1236,USA_CA_CDC_2_4242791_2021
1237,USA_CA_LACPHL_AF01104_2021
1238,USA_CA_CDPH_3000009948_2021
1239,USA_CA_LACPHL_AF01040_2021
1240,USA_CA_LACPHL_AF01456_2021
1241,USA_CA_LACPHL_AF02234_2021
1242,USA_CA_LACPHL_AF02232_2021
1243,USA_CA_LACPHL_AF02231_2021
1244,USA_CA_LACPHL_AF01318_2021
1245,USA_CA_CDPH_3000052426_2021
1246,USA_CA_CDPH_2000049342_2021
1247,USA_CA_CDPH_3000052427_2021
1248,USA_CA_LACPHL_AF00871_2021
1249,USA_CA_LACPHL_AF00949_2021
1250,USA_CA_CDPH_3000051475_2021
1251,USA_CA_CSMC321_2021
1252,USA_CA_CDPH_3000053620_2021
1253,USA_CA_CDC_2_4451297_2021
1254,USA_CA_CDPH_3000050932_2021
1255,USA_CA_CDPH_3000010700_2021
1256,USA_CA_CDPH_3000014172_2021
1257,USA_CA_CDPH_3000028515_2021
1258,USA_CA_LACPHL_AF01142_2021
1259,USA_CA_LACPHL_AF00980_2021
1260,USA_CA_CDPH_3000031376_2021
1261,USA_CA_LACPHL_AF02226_2021
1262,USA_CA_CSMC68_2021
1263,USA_CA_CDPH_2000045244_2021
1264,USA_CA_CDPH_3000006928_2021
1265,USA_CA_CDPH_3000120188_2021
1266,USA_CA_CSMC232_2021
1267,USA_CA_CDPH_3000048658_2021
1268,USA_CA_CDPH_2000046080_2021
1269,USA_CA_CDPH_3000018594_2021
1270,USA_CA_CDPH_3000015173_2021
1271,USA_CA_LACPHL_AF00870_2021
1272,USA_CA_LACPHL_AF00851_2021
1273,USA_CA_CDC_2_4282818_2021
1274,USA_CA_LACPHL_AF01048_2021
1275,USA_CA_CDC_2_4502945_2021
1276,USA_CA_LACPHL_AF01336_2021
1277,USA_CA_LACPHL_AF02113_2021
1278,USA_CA_CDPH_2000046988_2021
1279,USA_CA_CSMC162_2021
1280,USA_CA_CDC_2_4214243_2021
1281,USA_CA_CDPH_3000049753_2021
1282,USA_CA_CDPH_3000044318_2021
1283,USA_CA_CDPH_3000052981_2021
1284,USA_CA_CDPH_3000047160_2021
1285,USA_CA_CDPH_3000052979_2021
1286,USA_CA_LACPHL_AF00598_2021
1287,USA_CA_LACPHL_AF00368_2021
1288,USA_CA_LACPHL_AF01141_2021
1289,USA_CA_LACPHL_AF01140_2021
1290,USA_CA_CDPH_2000049496_2021
1291,USA_CA_CDC_2_4173972_2021
1292,USA_CA_LACPHL_AF00946_2021
1293,USA_CA_LACPHL_AF00645_2021
1294,USA_CA_CDPH_2000046883_2021
1295,USA_CA_LACPHL_AF00941_2021
1296,USA_CA_CDPH_2000048157_2021
1297,USA_CA_CDPH_2000046867_2021
1298,USA_CA_CDPH_2000046913_2021
1299,USA_CA_LACPHL_AF00553_2021
1300,USA_CA_CDC_2_4173988_2021
1301,USA_CA_CDC_2_4174053_2021
1302,USA_CA_LACPHL_AF01371_2021
1303,USA_CA_CSMC148_2021
1304,USA_CA_CSMC160_2021
1305,USA_CA_CDC_2_4282816_2021
1306,USA_CA_CDPH_6000009938_2021
1307,USA_CA_LACPHL_AF01207_2021
1308,USA_CA_LACPHL_AF01437_2021
1309,USA_CA_CDPH_3000030626_2021
1310,USA_CA_CDPH_2000047269_2021
1311,USA_CA_LACPHL_AF00833_2021
1312,USA_CA_LACPHL_AF01122_2021
1313,USA_CA_CDPH_3000025009_2021
1314,USA_CA_CDPH_2000048615_2021
1315,USA_CA_LACPHL_AF01372_2021
1316,USA_CA_LACPHL_AF01049_2021
1317,USA_CA_CDC_2_4214147_2021
1318,USA_CA_CDC_2_4214121_2021
1319,USA_CA_CDPH_3000046481_2021
1320,USA_CA_CDPH_3000016512_2021
1321,USA_CA_CDPH_3000007006_2021
1322,USA_CA_CDPH_3000012213_2021
1323,USA_CA_LACPHL_AF01025_2021
1324,USA_CA_CDPH_2000046426_2021
1325,USA_CA_CDPH_3000031320_2021
1326,USA_CA_LACPHL_AF01030_2021
1327,USA_CA_CDPH_2000045705_2021
1328,USA_CA_CDPH_3000012265_2021
1329,USA_CA_CDPH_3000049605_2021
1330,USA_CA_CSMC41_2021
1331,USA_CA_CDPH_3000053069_2021
1332,USA_CA_CDPH_2000045239_2021
1333,USA_CA_CDPH_3000006609_2021
1334,USA_CA_CDPH_3000028914_2021
1335,USA_CA_CDPH_3000012863_2021
1336,USA_CA_CDPH_2000047916_2021
1337,USA_CA_CDPH_3000029893_2021
1338,USA_CA_CDPH_3000016286_2021
1339,USA_CA_CDPH_3000022026_2021
1340,USA_CA_CDPH_3000019305_2021
1341,USA_CA_CDPH_2000040754_2021
1342,USA_CA_CDPH_3000020612_2021
1343,USA_CA_CDPH_3000006108_2021
1344,USA_CA_CDPH_2000046754_2021
1345,USA_CA_CDPH_2000046757_2021
1346,USA_CA_CDC_2_4242860_2021
1347,USA_CA_LACPHL_AF00697_2021
1348,USA_CA_LACPHL_AF00841_2021
1349,USA_CA_LACPHL_AF00768_2021
1350,USA_CA_LACPHL_AF00825_2021
1351,USA_CA_LACPHL_AF00808_2021
1352,USA_CA_LACPHL_AF00752_2021
1353,USA_CA_LACPHL_AF00820_2021
1354,USA_CA_LACPHL_AF00843_2021
1355,USA_CA_LACPHL_AF00766_2021
1356,USA_CA_LACPHL_AF00803_2021
1357,USA_CA_LACPHL_AF00745_2021
1358,USA_CA_LACPHL_AF00754_2021
1359,USA_CA_CDPH_3000050667_2021
1360,USA_CA_LACPHL_AF00802_2021
1361,USA_CA_LACPHL_AF00823_2021
1362,USA_CA_LACPHL_AF00837_2021
1363,USA_CA_LACPHL_AF00807_2021
1364,USA_CA_LACPHL_AF00812_2021
1365,USA_CA_CDC_2_4214238_2021
1366,USA_CA_CDC_2_4242796_2021
1367,USA_CA_LACPHL_AF01233_2021
1368,USA_CA_CDPH_3000048661_2021
1369,USA_CA_CDPH_3000048657_2021
1370,USA_CA_CDPH_3000044247_2021
1371,USA_CA_CDPH_2000046796_2021
1372,USA_CA_LACPHL_AF00731_2021
1373,USA_CA_LACPHL_AF00770_2021
1374,USA_CA_LACPHL_AF00769_2021
1375,USA_CA_LACPHL_AF00794_2021
1376,USA_CA_LACPHL_AF00750_2021
1377,USA_CA_LACPHL_AF00726_2021
1378,USA_CA_LACPHL_AF00749_2021
1379,USA_CA_LACPHL_AF00795_2021
1380,USA_CA_LACPHL_AF00827_2021
1381,USA_CA_LACPHL_AF00753_2021
1382,USA_CA_LACPHL_AF00748_2021
1383,USA_CA_LACPHL_AF00788_2021
1384,USA_CA_LACPHL_AF00898_2021
1385,USA_CA_LACPHL_AF00786_2021
1386,USA_CA_LACPHL_AF00859_2021
1387,USA_CA_LACPHL_AF00801_2021
1388,USA_CA_LACPHL_AF00789_2021
1389,USA_CA_LACPHL_AF00743_2021
1390,USA_CA_LACPHL_AF00742_2021
1391,USA_CA_LACPHL_AF00755_2021
1392,USA_CA_LACPHL_AF00772_2021
1393,USA_CA_LACPHL_AF00830_2021
1394,USA_CA_LACPHL_AF00822_2021
1395,USA_CA_LACPHL_AF00836_2021
1396,USA_CA_LACPHL_AF00835_2021
1397,USA_CA_LACPHL_AF00816_2021
1398,USA_CA_LACPHL_AF00821_2021
1399,USA_CA_LACPHL_AF00819_2021
1400,USA_CA_LACPHL_AF00809_2021
1401,USA_CA_LACPHL_AF00804_2021
1402,USA_CA_LACPHL_AF00815_2021
1403,USA_CA_LACPHL_AF00817_2021
1404,USA_CA_LACPHL_AF00811_2021
1405,USA_CA_LACPHL_AF00824_2021
1406,USA_CA_LACPHL_AF00810_2021
1407,USA_CA_LACPHL_AF00765_2021
1408,USA_CA_LACPHL_AF01007_2021
1409,USA_CA_LACPHL_AF00524_2021
1410,USA_CA_CDPH_3000027742_2021
1411,USA_CA_CDPH_3000010699_2021
1412,USA_CA_CDPH_3000028517_2021
1413,USA_CA_LACPHL_AF00574_2021
1414,USA_CA_LACPHL_AF00973_2021
1415,USA_CA_CSMC78_2021
1416,USA_CA_CSMC220_2021
1417,USA_CA_CSMC89_2021
1418,USA_CA_CSMC77_2021
1419,USA_CA_CSMC180_2021
1420,USA_CA_CDPH_MC2075522_2021
1421,USA_CA_CDPH_2000048391_2021
1422,USA_CA_CDPH_3000030065_2021
1423,USA_CA_LACPHL_AF01130_2021
1424,USA_CA_CDPH_2000047567_2021
1425,USA_CA_CDPH_3000030127_2021
1426,USA_CA_CDPH_3000026880_2021
1427,USA_CA_CDPH_3000013290_2021
1428,USA_CA_CDPH_2000045114_2021
1429,USA_CA_CDPH_3000013289_2021
1430,USA_CA_CDPH_3000013310_2021
1431,USA_CA_LACPHL_AF04344_2021
1432,USA_CA_CDC_2_4242770_2021
1433,USA_CA_CDC_2_4242853_2021
1434,USA_CA_CDPH_3000029786_2021
1435,USA_CA_CDPH_3000031393_2021
1436,USA_CA_CDPH_2000047257_2021
1437,USA_CA_LACPHL_AF01742_2021
1438,USA_CA_LACPHL_AF00935_2021
1439,USA_CA_LACPHL_AF00875_2021
1440,USA_CA_LACPHL_AF00889_2021
1441,USA_CA_CDC_2_4282750_2021
1442,USA_CA_LACPHL_AF01215_2021
1443,USA_CA_LACPHL_AF01224_2021
1444,USA_CA_LACPHL_AF00988_2021
1445,USA_CA_LACPHL_AF00928_2021
1446,USA_CA_LACPHL_AF00927_2021
1447,USA_CA_LACPHL_AF00929_2021
1448,USA_CA_LACPHL_AF00932_2021
1449,USA_CA_LACPHL_AF00934_2021
1450,USA_CA_LACPHL_AF01010_2021
1451,USA_CA_LACPHL_AF00937_2021
1452,USA_CA_LACPHL_AF00667_2021
1453,USA_CA_LACPHL_AF00891_2021
1454,USA_CA_CDPH_2000045625_2021
1455,USA_CA_CDPH_2000045631_2021
1456,USA_CA_CDPH_3000006293_2021
1457,USA_CA_CDC_2_4282911_2021
1458,USA_CA_LACPHL_AF01070_2021
1459,USA_CA_CDPH_3000048659_2021
1460,USA_CA_LACPHL_AF01221_2021
1461,USA_CA_LACPHL_AF00996_2021
1462,USA_CA_CDPH_2000047019_2021
1463,USA_CA_LACPHL_AF01162_2021
1464,USA_CA_CDPH_3000045854_2021
1465,USA_CA_LACPHL_AF00985_2021
1466,USA_CA_CDC_2_4214214_2021
1467,USA_CA_CDCBI_FlowHealth_00522_2021
1468,USA_CA_CDC_2_4242797_2021
1469,USA_CA_CDPH_3000005732_2021
1470,USA_CA_LACPHL_AF01016_2021
1471,USA_CA_LACPHL_AF01330_2021
1472,USA_CA_CDPH_3000008265_2021
1473,USA_CA_CDPH_2000044960_2021
1474,USA_CA_LACPHL_AF01044_2021
1475,USA_CA_LACPHL_AF01066_2021
1476,USA_CA_CDPH_3000006462_2021
1477,USA_CA_LACPHL_AF01309_2021
1478,USA_CA_CDCBI_FlowHealth_10252_2021
1479,USA_CA_LACPHL_AF01327_2021
1480,USA_CA_LACPHL_AF01186_2021
1481,USA_CA_LACPHL_AF01029_2021
1482,USA_CA_CDPH_3000036247_2021
1483,USA_CA_CDPH_3000044244_2021
1484,USA_CA_CDPH_2000046829_2021
1485,USA_CA_CDPH_2000046786_2021
1486,USA_CA_CDPH_2000046780_2021
1487,USA_CA_CDPH_3000044243_2021
1488,USA_CA_CSMC122_2021
1489,Wuhan_Hu_1_2019
