hi b117,,la b117,,hi b1243,,la b1243,
s1,s2,s1,s2,s1,s2,s1,s2
5,701,5,688,10,833,3,689
53,769,34,764,168,1005,5,745
217,793,53,824,306,1043,80,784
281,845,68,951,325,,95,846
398,890,98,1118,421,,131,946
412,1021,138,1191,,,138,1069
501,1030,142,1211,,,179,1150
573,1065,144,1219,,,223,1193
578,1262,145,1238,,,262,1235
,,173,,,,296,
,,181,,,,335,
,,221,,,,380,
,,222,,,,388,
,,230,,,,411,
,,245,,,,412,
,,293,,,,424,
,,321,,,,453,
,,424,,,,485,
,,432,,,,486,
,,484,,,,486,
,,501,,,,508,
,,508,,,,524,
,,513,,,,533,
,,535,,,,657,
,,583,,,,675,
,,645,,,,,
,,653,,,,,
,,682,,,,,
